<?xml version="1.0" encoding="iso-8859-1"?>
<surveyforce_install type="template" version="1.0.0">
    <name>surveyforce_standart</name>
    <author>JoomPlace Team</author>
    <creationDate>June 2018</creationDate>
    <copyright>(C) JoomPlace, www.joomplace.com</copyright>
    <license>GNU/GPL http://www.gnu.org/copyleft/gpl.html</license>
    <authorEmail>support@joomplace.com</authorEmail>
    <authorUrl>www.joomplace.com</authorUrl>
    <version>3.2.6</version>
    <description>Additional template for SurveyForce component.</description>
    <files>
        <filename>index.html</filename>
        <filename>surveyforce.css</filename>
        <filename>template.php</filename>
        <filename>template.xml</filename>
    </files>
    <images>
        <!--you can add some images if need-->
        <filename>images/index.html</filename>
    </images>
</surveyforce_install>